-- 00_seed.sql
-- Синтетические данные: достаточно для непустых результатов витрины и всех ad-hoc задач.

TRUNCATE TABLE
    ds_ecom.order_reviews,
    ds_ecom.order_payments,
    ds_ecom.order_items,
    ds_ecom.orders,
    ds_ecom.users
RESTART IDENTITY CASCADE;

INSERT INTO ds_ecom.users (buyer_id, user_id, region) VALUES
    (1, 1, 'Москва'),
    (2, 2, 'Москва'),
    (3, 3, 'Москва'),
    (4, 4, 'Санкт-Петербург'),
    (5, 5, 'Санкт-Петербург'),
    (6, 6, 'Санкт-Петербург'),
    (7, 7, 'Новосибирск'),
    (8, 8, 'Новосибирск'),
    (9, 9, 'Новосибирск'),
    (10, 10, 'Казань'),
    (11, 11, 'Екатеринбург'),
    (12, 12, 'Москва');

INSERT INTO ds_ecom.orders (order_id, buyer_id, order_status, order_purchase_ts) VALUES
    (1001, 1, 'Доставлено', '2023-01-15 10:14:00'),
    (1002, 2, 'Доставлено', '2023-02-05 12:30:00'),
    (1003, 2, 'Отменено', '2023-03-11 09:45:00'),
    (1004, 2, 'Доставлено', '2023-05-20 18:10:00'),
    (1005, 3, 'Доставлено', '2023-01-09 08:25:00'),
    (1006, 3, 'Доставлено', '2023-02-14 13:42:00'),
    (1007, 3, 'Доставлено', '2023-03-18 16:10:00'),
    (1008, 3, 'Отменено', '2023-04-22 15:05:00'),
    (1009, 3, 'Доставлено', '2023-06-02 11:35:00'),
    (1010, 3, 'Доставлено', '2023-08-16 19:25:00'),
    (1011, 3, 'Доставлено', '2023-11-25 14:55:00'),
    (1012, 4, 'Доставлено', '2023-01-03 10:00:00'),
    (1013, 4, 'Доставлено', '2023-02-06 11:10:00'),
    (1014, 4, 'Отменено', '2023-03-07 12:20:00'),
    (1015, 4, 'Доставлено', '2023-04-09 13:30:00'),
    (1016, 4, 'Доставлено', '2023-05-13 14:40:00'),
    (1017, 4, 'Доставлено', '2023-06-17 15:50:00'),
    (1018, 4, 'Доставлено', '2023-07-21 17:00:00'),
    (1019, 4, 'Отменено', '2023-08-02 08:15:00'),
    (1020, 4, 'Доставлено', '2023-09-10 09:25:00'),
    (1021, 4, 'Доставлено', '2023-10-15 10:35:00'),
    (1022, 4, 'Доставлено', '2023-11-18 11:45:00'),
    (1023, 4, 'Доставлено', '2023-12-23 12:55:00'),
    (1024, 5, 'Доставлено', '2023-03-01 09:00:00'),
    (1025, 5, 'Доставлено', '2023-04-12 10:10:00'),
    (1026, 5, 'Доставлено', '2023-07-29 11:20:00'),
    (1027, 5, 'Отменено', '2023-09-08 12:30:00'),
    (1028, 6, 'Доставлено', '2024-01-05 13:40:00'),
    (1029, 6, 'Доставлено', '2024-02-19 14:50:00'),
    (1030, 7, 'Доставлено', '2023-02-02 10:05:00'),
    (1031, 7, 'Доставлено', '2023-05-14 11:15:00'),
    (1032, 7, 'Отменено', '2023-06-19 12:25:00'),
    (1033, 7, 'Доставлено', '2023-09-30 13:35:00'),
    (1034, 7, 'Доставлено', '2023-12-05 14:45:00'),
    (1035, 8, 'Доставлено', '2023-04-04 09:35:00'),
    (1036, 8, 'Доставлено', '2023-05-06 10:45:00'),
    (1037, 8, 'Доставлено', '2023-10-28 11:55:00'),
    (1038, 9, 'Доставлено', '2023-11-11 15:15:00'),
    (1039, 9, 'Отменено', '2023-11-20 16:25:00'),
    (1040, 10, 'Доставлено', '2023-07-07 10:10:00'),
    (1041, 10, 'Доставлено', '2023-08-08 11:11:00'),
    (1042, 11, 'Доставлено', '2024-03-03 12:12:00'),
    (1043, 12, 'Доставлено', '2023-12-01 18:05:00'),
    (1044, 12, 'Доставлено', '2024-01-09 19:15:00'),
    (1045, 12, 'Отменено', '2024-02-12 20:25:00');

-- Базовая товарная корзина: по одной позиции на заказ.
INSERT INTO ds_ecom.order_items (order_id, product_id, price, delivery_cost)
SELECT
    o.order_id,
    2000 + (o.order_id % 17) AS product_id,
    CASE
        WHEN o.order_status = 'Доставлено' THEN 1200 + (o.order_id % 9) * 550
        ELSE 900 + (o.order_id % 5) * 250
    END::NUMERIC(12, 2) AS price,
    CASE WHEN o.order_id % 4 = 0 THEN 199 ELSE 299 END::NUMERIC(12, 2) AS delivery_cost
FROM ds_ecom.orders o;

-- Дополнительные позиции в части заказов (чтобы были multi-item заказы и разный чек).
INSERT INTO ds_ecom.order_items (order_id, product_id, price, delivery_cost) VALUES
    (1002, 3010, 2400.00, 149.00),
    (1004, 3011, 5600.00, 199.00),
    (1006, 3012, 8400.00, 249.00),
    (1010, 3013, 10900.00, 299.00),
    (1012, 3014, 4300.00, 199.00),
    (1016, 3015, 9900.00, 299.00),
    (1021, 3016, 12300.00, 299.00),
    (1024, 3017, 5200.00, 199.00),
    (1030, 3018, 6100.00, 249.00),
    (1037, 3019, 11800.00, 299.00),
    (1043, 3020, 15000.00, 299.00);

INSERT INTO ds_ecom.order_payments (order_id, payment_sequential, payment_type, payment_installments, payment_value)
SELECT
    o.order_id,
    1,
    CASE
        WHEN o.order_id IN (1005, 1012, 1024, 1030, 1043) THEN 'денежный перевод'
        ELSE 'банковская карта'
    END AS payment_type,
    CASE
        WHEN o.order_id IN (1004, 1006, 1015, 1016, 1021, 1026, 1028, 1033, 1035, 1044) THEN 3
        WHEN o.order_id IN (1010, 1020, 1037) THEN 6
        ELSE 1
    END AS payment_installments,
    1.00::NUMERIC(12, 2) AS payment_value
FROM ds_ecom.orders o;

-- Промокод как дополнительный платёжный шаг.
INSERT INTO ds_ecom.order_payments (order_id, payment_sequential, payment_type, payment_installments, payment_value) VALUES
    (1002, 2, 'промокод', 1, 300.00),
    (1009, 2, 'промокод', 1, 250.00),
    (1013, 2, 'промокод', 1, 500.00),
    (1017, 2, 'промокод', 1, 450.00),
    (1022, 2, 'промокод', 1, 700.00),
    (1025, 2, 'промокод', 1, 350.00),
    (1031, 2, 'промокод', 1, 275.00),
    (1036, 2, 'промокод', 1, 390.00),
    (1040, 2, 'промокод', 1, 320.00);

-- Рейтинги: микс шкал 1-5 и 0-100 (в витрине есть нормализация >5 / 10).
INSERT INTO ds_ecom.order_reviews (order_id, review_score)
SELECT
    o.order_id,
    CASE
        WHEN o.order_id % 5 = 0 THEN 92
        WHEN o.order_id % 4 = 0 THEN 4
        WHEN o.order_id % 3 = 0 THEN 5
        ELSE 83
    END::NUMERIC(6, 2) AS review_score
FROM ds_ecom.orders o
WHERE o.order_status = 'Доставлено'
  AND o.order_id NOT IN (1028, 1038, 1044);
